"","Z1","Z2","Z3","Z4","Z5","Z6","Z7","Z8","Z9","Z10","Z11","Z12","Z13","Z14","Z15","Z16","Z17","Z18","Z19","Z20","Z21","Z22","Z23","Z24","Z25","Z26","Z27","Z28","Z29","Z30","Z31","Z32","Z33","Z34","Z35","Z36","Z37","Z38","Z39","Z40","Z41","Z42","Z43","Z44","Z45","Z46","Z47","Z48","Z49","Z50","Z51","Z52","Z53","Z54","Z55","Z56","Z57","Z58","Z59","Z60","Z61","Z62","Z63","Z64","Z65","Z66","Z67","Z68","Z69","Z70","Z71","Z72","Z73","Z74","Z75","Z76","Z77","Z78","Z79","Z80","Z81","Z82","Z83","Z84","Z85","Z86","Z87","Z88","Z89","Z90","Z91","Z92","Z93","Z94","Z95","Z96","Z97","Z98","Z99","Z100","Z101","Z102","Z103","Z104","Z105","Z106","Z107","Z108","Z109","Z110","Z111","Z112","Z113","Z114","Z115","Z116","Z117","Z118","Z119","Z120","Z121","Z122","Z123","Z124","Z125","Z126","Z127","Z128","Z129","Z130","Z131","Z132","Z133","Z134","Z135","Z136","Z137","Z138","Z139","Z140","Z141","Z142","Z143","Z144","Z145","Z146","Z147","Z148","Z149","Z150","Z151","Z152","Z153","Z154","Z155","Z156","Z157","Z158","Z159","Z160","Z161","Z162","Z163","Z164","Z165","Z166","Z167","Z168","Z169","Z170","Z171","Z172","Z173","Z174","Z175","Z176","Z177","Z178","Z179","Z180","Z181"
"IMSA-207",-0.167362721345738,-0.401004555542659,-0.762628079807264,0.635788712505649,-0.0182430460266002,-0.222349330444061,0.0122682527456711,3.77472804240433,-0.021601209562351,0.010478901688407,0.0562523738591394,-1.02646229297199,-0.395218903022518,0.129855503738132,-0.304247481144011,-0.0353583421400186,0.00401065297865935,0.0371091648892739,-0.709461372954967,0.00548043179555003,-0.0623894387650303,-0.434349260092309,-0.189865969465894,0.0695191519103823,-0.17929173351349,0.643462321344862,-0.344695377434338,0.0116345470546672,-0.0124431111009936,0.0246921362032771,-0.350425655004888,-0.277072642873123,-0.499792166961475,-0.214281359697865,0.022728252811457,-0.394921114912389,-0.0423411932076162,-0.0684338598981964,-0.267876854453509,-0.0358060975032608,-1.18635129000659,-0.443787534818808,-0.247778649886062,-0.00460593018254294,0.0285897092543928,-0.45471246770888,0.00362352621617578,0.0320862833464749,0.00645389544909481,-0.224456699712884,-0.174955692970708,-0.0140210647613148,0.0114276633661383,-0.0143786645042553,0.0339628042322958,0.0272247548078761,-0.584821264122755,-0.0452397089583916,0.0974281616666652,-0.256223706616526,-0.609172786218802,0.0719925790890358,-0.457483809208619,0.00381528063345065,-0.00181870319503707,-0.0987753384207835,0.0160675161804234,0.036123436050413,-0.507123320596977,-0.618924882617863,-0.021079806369622,-0.048871888257785,0.0159881611218737,0.0953745601242779,0.095355711165501,-0.00935089728499255,-0.0675002793567456,0.0578923535679587,-0.0303453136492558,-0.00918005917112912,-0.993024732087071,-0.00281126538969988,1.26478257535081,-0.014758155534872,-0.00108278211832022,-0.371818675698588,-0.185302801019247,-0.250247107592499,-0.00466838093646801,0.0495191120990081,-0.523449210853707,-0.0179250038272746,-1.22507062463376,0.00631495478727734,-0.0490388731173081,0.0309643472492137,0.0837421461792737,-0.0331001792057832,0.0301074159548549,-0.235419037838213,0.00850830040408519,0.0531857491828676,0.0253332028067669,-0.00739232447159261,0.0254538658690938,-0.00160388342719118,0.0315480823862954,-0.483928981497224,-0.0233220722654929,-0.647393473809956,0.0146807206094527,0.00155516853935374,2.18955314246234,-0.0421830538195226,-0.00223479837931485,-0.710054791953036,-0.533045427416337,0.0759864398351608,-0.0105100167153954,-0.0269339430027205,-0.442907694437811,2.23170720815006,-0.0339449499241082,-0.394757758727716,-0.719581770540553,0.0638982628105394,-0.143490280710265,0.0116985995104795,0.02224166016337,0.302170245945679,0.0367784570368899,0.0759340463008718,-0.123670717536789,0.0583530494310937,-0.107493736953847,0.0372773758580206,-0.00562195369853985,-0.6019222630519,0.00478405451603867,-0.0572116108737829,-0.0486016771621222,0.0548806851128637,-0.00122900907636696,0.0360211967110856,0.0158520650319261,0.0619146784061923,0.644266613686342,0.0153735682104043,0.0419947189628924,-0.167959501154743,-0.451629222260868,0.00627968680219185,-0.00721170640900076,-0.200850407823995,-0.0290245120892152,-0.0816022202151284,-1.76834067413966,-0.0523328781415398,0.009092637026776,0.00612022368194701,-0.233046210832124,-0.431330054845416,0.0361579543137832,-0.220838535122933,0.0135940962136319,0.0273681978656056,0.00543570429530512,-0.0670223344762443,-0.0391693895419757,0.00587391656522217,-0.0378983227613961,0.0019645398643004,0.0682436676863903,-0.0347129484840595,-0.00389210403184226,-0.0262098023364572,0.00145841169290382,-0.223162799359874,-0.0264600741053312,-0.0103028947151408,-0.393306854580234
"IMSA-204",-0.384863022891572,-0.542199554381015,-0.459432216038495,-0.586857764190324,0.0327025536971719,-0.802257477812841,-0.017269495254216,-0.327899110305535,0.0230069126601471,-0.0126524347372708,-0.0704748155392416,0.678135803495788,-0.386183734906069,-0.138459705057317,-0.721023309304419,0.0646667497654231,-0.00399327928555069,-0.0317627770392117,-0.495973154745686,0.0437435417990314,0.065894285018006,-0.639278235642621,-0.742649510181401,-0.0819703114739745,-0.646886334447363,-0.525071300321412,-0.148736469344578,-0.0350678301476918,0.00873739944462048,-0.0414095824780559,0.417580660190002,-0.374891162119272,-0.465742239176635,-0.214557522933858,-0.0259755655148543,-0.109242630925488,0.0480668005333985,0.0857632133282478,-0.434185172916836,0.0458275821012138,-1.3235615749009,-0.485478187352355,-0.0360288752880546,-0.0186437994981849,-0.0474019124765902,-0.261459653736497,-0.010873571135159,-0.0294034135710091,-0.00729652200296154,-0.245217695106637,0.150053369660753,0.0268025818328525,-0.0187435106224551,0.0298707260178691,-0.0370797228846221,-0.0407371425091045,-0.420876310640878,0.0311647986651393,-0.087704953745359,-0.614358064085231,-0.490073408884736,-0.0542459591230041,-0.802710307786974,0.00798009383335222,-0.00931288695910294,0.0685326087730304,-0.00100882573049183,0.0108240127615024,0.833302007063683,-1.15916923701174,0.0291936986416052,0.0315159574575193,-0.0124593866795482,-0.103900307250618,-0.0871337756072218,-0.00337410896641948,0.0578224495597418,-0.0522876890814582,0.0393695109894052,0.0106891096055115,-0.747774866430455,-0.0644132603071693,-0.835332106872628,0.0224828883161553,-0.0154507463910054,-0.369565413014811,-0.242837843579082,-0.258542183177058,-0.016954846759894,-0.042098608026011,-0.465925021385213,0.0208375050728393,0.404552355307067,0.000527260411528191,0.0320772730904601,-0.0197414390010388,-0.0640716525137558,0.0173134030291835,-0.023423131263603,-0.23731299986832,-0.00863588988933556,-0.0532946077381107,-0.031947086292531,0.00679216555525805,-0.0134272856660353,-0.00280856987775009,-0.0204942456849338,-1.04243327487821,0.0162883347702396,-0.691042313421425,-0.0225909568752912,0.0051713929527195,-0.0816788271127118,0.016589814127474,-0.00331005934296045,-0.783548849532551,-0.382224371206042,-0.0706973551129409,-0.00304958835160623,0.0440299356390943,0.574958826112013,-0.709787068020437,0.0187759819355296,-0.346900398691481,-0.68788955178603,-0.0465610852972294,0.145047536767299,-0.00197812923493078,0.00609190729032418,-1.09778175542783,-0.0496776803263886,-0.0711808127645675,0.161601318962102,-0.0488607389080435,0.070559533172021,-0.0240505579581412,0.00212215303217191,-0.547645943408411,0.00165118646108858,0.0381838946780178,0.0419866436163076,-0.0190315552036472,0.0298290643449583,-0.0306578117412552,-0.00143426875368663,-0.0478087251231587,-0.727400228676529,0.00349357694260822,-0.0167930166620569,-0.81099443751,-1.4074481071782,-0.0043752915333694,-0.0174956535924865,-0.294010677910175,0.09478615496169,0.0555557736974958,0.811655839834644,0.0469014199938591,-0.00856796630815806,-0.0134560890993713,-0.229882663921114,-0.512544820279701,-0.0484528372941256,-0.52939527147799,-0.0208199426088622,-0.00137851253988621,-0.00771588515527778,0.0588387706724026,0.0424911919664701,-0.0062828571570744,0.0460535614843561,-0.00665477092373904,-0.0418493895622137,0.00685410810074853,0.0016043584097257,0.0398727326887331,-0.00520353391685796,-0.229788312985344,0.0283540648235124,0.011651205763669,-0.0512383739141779
"IMSA-064",-0.31808794114593,0.34207485542957,0.144159671660806,1.54328036091837,0.069610293529659,0.0982509089094263,-0.0111207069906627,1.1571974422055,0.000578859385254998,-0.00570656927256033,-0.0262259600083972,-0.601433633339087,-1.88730860563344,-0.0995240224979406,0.567608319449525,0.0993424434611993,0.0078615271175797,-0.0107815684454981,0.345693135160902,0.130919111494022,0.0306346828045249,0.601174125749996,0.679954421831862,-0.0411119362840089,0.835952461626679,-0.812774926702919,-1.08809603793209,-0.0379745061854816,0.00879817594140882,-0.0586191553245708,-0.616346163132755,-0.105847397937625,-0.100033381681355,-0.212203011575427,-0.0453577509614529,-0.807630366859788,0.0401282472443634,0.0443690386967868,1.53421102826075,0.0347500798537671,-0.621374853610973,-0.128062339334958,-0.333100591644317,-0.00767920830726317,-0.0170415386570353,-0.193510338737646,0.00495773494517293,0.0146002379354928,0.00806730198854079,4.4688368430614,0.0434140325789157,-0.00598329978614441,-0.00239061133590381,0.0597097401222806,-0.0070111079213055,-0.0212852349512052,1.52688755325769,0.0045114353520808,-0.0462118434355534,-0.00726980916376412,-1.21603513826431,0.00180741186866691,-0.72062343849599,0.0230577050063845,-0.0168873931151518,-0.0219075986966577,-0.00664685413964867,0.0821954720017406,-0.776544049415353,-0.231172551425972,0.0271950118276873,0.00199412007631746,-0.0362978947149206,-0.000773657330533935,-0.0313106313804848,-0.0388978351947416,-0.00257307152109967,-0.0204288008704554,0.0301377412793739,0.0238734903375626,-1.60583798927072,-0.0788237163974523,0.796010821121937,0.028191736475967,-0.0134866964006638,-0.48980929748005,-0.205428069011372,-0.295002033947588,-0.0298479994593737,-0.00615763589055149,-0.774630022723841,0.00287457580330326,-0.387655856079742,0.00736044511100024,0.00194682843948706,0.0108277424528497,8.00840047654643e-05,0.0157980696159353,0.00806591433788998,-0.211445530896365,-0.0292964260000587,-0.0300729627689543,-0.0242877125583874,-0.0380407673705473,-0.0093510854800985,0.00977021821668681,-0.0184386868088871,-0.781986771767995,-0.0605666875560996,0.721441073513277,-0.0276939307016128,0.0102319874626599,0.648443879302694,-0.0232064199478653,-0.0187003388636668,-0.136237803253263,1.4449250246904,-0.0688552027963558,-0.0177543161341768,0.0546594066297329,-0.635993985265328,-0.20756176786402,0.00181663038018023,0.455153572307481,0.699422182400423,-0.00743628390432976,0.177846476140384,0.00935187790635203,0.0190798650872281,-0.659220335764127,-0.0392404643418636,-0.0484187338426636,0.107721351821187,-0.0158463502860879,-0.0472411485336604,-0.00738041999911285,0.0221927323962792,-0.885858193698944,0.000981560463262823,0.0218979931482598,0.0414500719238442,0.0308698969761879,0.0483633307552433,0.0189808285778447,0.00552888650184387,0.0150190275846971,1.49720232408974,0.0142365890303866,-0.00912954198250605,2.40363190322097,-0.507208166260917,-0.0274338652176921,-0.0366548423999584,-1.10731336756982,0.0685793409674543,0.0478626045037601,1.18059359614125,-0.0507108601508999,0.0056318109936311,-0.0227915325076556,-0.223800260772343,-0.18000799536983,-0.0224590579792649,-0.680637541753972,0.0496448607941394,-0.000394146954137401,-0.0389231870256062,-0.011324494058485,0.011163264645751,-0.00469232158234311,0.016429949045941,-0.0067602582106844,0.0247902966638286,-0.0352657510028948,0.0124106857991525,0.00434289574958372,0.0529633982177775,-0.185823114135944,0.0110319737700736,-0.00396214066835193,0.412511665789717
"IMSA-049",-0.360512954740203,0.863182088463659,-0.495528661175515,1.47252607952312,0.0530904049629666,0.497096589180431,-0.0176123043702482,-0.370687522955262,-0.0100219417408072,-0.00311600329166136,-0.0250050200413954,1.06269098445998,-1.23550776243492,-0.147308165741446,0.0859901736632431,0.120819916110064,0.0021714959352214,-0.00906649353711461,0.823408547935157,0.0616614401193597,0.0559930652587845,1.38423531010214,-0.0687069387646781,-0.0516628359297594,0.453881459006343,1.23442249530536,-0.562958761742183,-0.0265942811339424,0.00807214972551488,-0.0384121959623692,-0.669013908363722,-0.155827386900255,-0.252030591319939,-0.213881576834882,-0.042513816019522,-0.174636204069587,0.0383001553007643,0.0718994334054977,0.714994766017869,0.05306504357314,1.66575150317984,-0.359970633058623,-0.0949913627282591,-0.00255969507149656,-0.0365186684706975,-0.461469434961926,0.00567058164896512,0.00514289379789397,0.00852341766946667,-0.209648209925851,0.0862278812744663,0.00133529084315915,-0.00809718693427967,0.0115970599371874,-0.021514224195683,-0.0187015255983245,1.65795819167158,0.0227758080650167,-0.0580589762224457,-0.40217431086208,-0.773222378927262,-0.0301188839197526,-0.484712906149549,0.0140637521824024,-0.0172580350392534,0.0102570400767792,-0.0077394619059314,0.0342927597090912,-0.219521871753937,-0.951483343630309,0.032848946508024,0.0225649874841963,-0.0251416084094326,-0.0276272777342567,-0.0458505068820805,-0.0266009558619524,0.0213969352552416,-0.0417302633933459,0.0370410822167918,0.0289781395449895,-0.39740175313255,-0.0712849641905359,0.539179751134699,0.0242412668752564,-0.0103386686135026,-0.470028010616864,-0.187114797177514,-0.30150746421802,-0.0198711120674664,-0.0230156741225953,-0.709046110386419,0.0112074072147617,0.120671999268418,-7.1077779809744e-05,0.0254703019977085,0.00224780473775789,-0.0233784492256181,0.0209365159329783,-0.00766186549936252,-0.212247779764609,-0.0207893901770079,-0.0465807856107433,-0.0372783674925047,-0.0231886681633373,-0.00681403427794538,0.0087273020501114,-0.00829746297415739,-0.526979726736378,-0.0351820847359403,0.413364072307824,-0.0289462273663094,0.0105164250131712,2.06088603400669,-0.00182188037498189,-0.0167534388268176,0.839365040031642,0.709943728957936,-0.069537170305333,0.00392094296255692,0.0691523629429086,-0.0515398185274693,0.00276313019751099,0.0241992792738349,0.0877295520057072,1.48370181699935,-0.030210223658159,0.173895746839503,-0.000691734830453182,0.00531962961829239,-0.287056886771413,-0.0373635761751363,-0.0901384842280918,0.13153286904584,-0.0397148980958955,-0.0187228234645018,-0.0235225718700892,0.024371827310938,0.249830201452468,-0.0153057421093751,0.0366273804227064,0.0450153532804262,0.00432525680245194,0.0394143031038202,0.00525127009167586,-0.00477288813620094,-0.00793477394674005,1.46466766452567,0.00342059087856685,-0.0287967855730929,0.598565988794251,-0.802557967138364,-0.0176756264754459,-0.0230912189425268,-0.093332145804073,0.0143709683837683,0.0657085426078219,0.738879443188901,-0.0184719065629566,-0.002330743056094,-0.0192274827321158,-0.228762314126134,-0.311599373525283,-0.0373798106473905,-0.563549454716085,0.0674747541784888,-0.0164334631692974,-0.0251922180885092,0.00264307270265122,0.0212196808550256,-0.0119384759487701,0.0369445821830951,-0.0169514974890634,0.001127865363885,-0.00129868268726091,0.00853088015156809,0.00945609871734559,0.0291168905422606,-0.217494587647566,0.0239570814609209,0.00168748491750639,0.603387208616434
"IMSA-069",-0.344631636357465,-0.977694476004264,-0.390687312868613,0.479476701550911,-0.0195067142083943,-0.317009845379849,0.0126920202438875,-0.374900230517617,0.0021260583625685,0.00586787688130664,0.0520089855685943,-1.0343404565599,-0.0171743104524536,0.0933084217312427,0.339435507749746,-0.0379384553426823,0.00265290821250449,0.0108789806728562,-1.1561439711889,-0.0176255387770647,-0.0443252154373911,-0.962072622471668,0.784117051801057,0.0504985606103603,0.445749440508811,0.30261189131363,-0.15504650598007,0.0208846021378652,-0.00521889054948395,0.0224716336084321,-0.181325329481717,-0.159366939776919,-0.188662571188264,-0.214796020477264,0.0107576656763981,-0.386602158119948,-0.0267574216309773,-0.0621686625663101,0.192833906611035,-0.0297776148991858,-0.281174350462771,-0.245966790426599,-0.85042721478046,0.00763553682506924,0.0363012006017147,-0.123194640731019,0.00890623489496831,0.0189040560045952,0.00538862760881697,-0.213830908214367,-0.118298734390066,-0.0184987385646435,0.0127647968098831,-0.0210448442793511,0.0265408569212035,0.0195506031691347,1.95671215960956,-0.0284142757314326,0.0564829469064257,2.0005342263558,-0.040561560893843,0.0367601242057802,-0.308126787584624,-0.000653210391320607,0.0066831695315483,-0.0432982287934569,-0.00344087769084584,-0.000991868520082406,-0.568098997464675,0.839053172613748,-0.017563246585853,-0.0268399250890832,0.00236186266164078,0.0741115901024873,0.0671156956211676,-0.0016761027216933,-0.0380464008083135,0.0361274177536769,-0.0296842758814788,-0.00626707960781467,0.569415356782954,0.0241062908464993,1.14389795747725,-0.0108972748885894,0.00837414924303165,-0.172025254831897,-0.198179398430394,-0.304655415548595,0.00590911474752008,0.02870892840116,-0.185538793942615,-0.0140779317901465,0.368085864139704,0.000384999058838528,-0.0218485223317786,0.011679370153917,0.0383627206536702,-0.00962064069492913,0.0201015125025002,-0.0520607420440354,0.00717969446416498,0.0355793888635327,0.0239078490276383,-0.00470318815066174,0.00178074946903105,0.00327046759540641,0.0111293966238922,-0.692014307950816,-0.0132727845437259,-0.1969536791709,0.0131862799466436,-0.00301896936401965,0.942698610575642,-0.0077330067875813,0.000153862618997206,-0.241146731053159,-0.0886786894550163,0.035810067620276,-0.00925268053869695,-0.0294540302002632,-0.351157806643842,1.52906205158214,-0.0158405779014069,-0.117524311268606,0.911438541308686,0.0359776815166576,-0.083587433558725,0.00387919616369033,-0.00126084129041329,1.10401354430162,0.0280065804226461,0.0474171395401812,-0.0905830738329262,0.0319591211697111,-0.0590560044095928,0.0199364300954777,-0.00125454085253559,-0.249453682413828,0.00602483000638502,-0.0324995564682772,-0.0250924799288139,0.0214812027484155,-0.0148809144339586,0.0211806005978388,-5.91402676353412e-05,0.0323887803755973,0.301587095373819,0.00126667458019683,0.0154107064976885,0.609864762161417,-0.119097625516319,-0.00305812279878409,0.0123116858212936,0.135701572175899,-0.0451380481189889,-0.0435188240584991,0.00735632093300792,-0.0375434370109991,0.00742216578173604,0.008089447488468,-0.205139054948596,-0.082462544758523,0.0301474700258509,-0.174309090982184,0.00855124732788732,0.00758475398344173,-0.000721885079303659,-0.0347616750904032,-0.0272445638679627,0.00388264804813051,-0.0387667478618377,0.0106237638844448,0.0246824699203508,-0.0274689274598175,0.00118578918844573,-0.0263586128853076,0.0173075824185737,-0.197287115322413,-0.0188063466605697,-0.00999060200469518,1.17665710318978
"IMSA-209",-0.0858600381134774,-0.48818748189669,1.65284249401943,1.6583666724159,-0.0613249536384334,-0.694813154858489,0.0323251651245874,-0.369111178596833,-0.00486253976060021,0.0129020840730041,0.104752509550974,-0.904983426533435,-0.35300022119176,0.28074936802627,1.47877904532997,-0.135793691455786,0.00551397918910497,0.0428189546701764,-0.638970910230148,-0.0855448412816492,-0.134977748730101,-0.519778084814288,1.61498459654866,0.141376880205515,0.934297210092664,-0.945962596213435,-0.685470993553753,0.0631997397605178,-0.0185014753483447,0.0780056124474969,-0.130266138420491,0.137574981422968,1.55860874732393,-0.211800876260558,0.0478791958461823,-0.276090550702909,-0.0871302902900162,-0.181584521607849,0.639299993376564,-0.0945176307737387,-1.1307716102047,1.03827562234653,-1.15687198027037,0.0198121606894836,0.100134508869823,1.05716602764266,0.0192437734154826,0.0469098239142006,0.00975952535375919,-0.221802541893052,-0.279234321134244,-0.0485410271088682,0.0345322125825668,-0.0647602507806137,0.0723015922483806,0.0662009478247906,2.20972289769256,-0.0790521294664391,0.169324515023837,2.74550430839823,-0.493084885796805,0.0963579731910014,-0.256217552018659,-0.00795941726106878,0.0228571861729851,-0.10462527076905,-0.00674102645377912,-0.0365743847838215,0.12158613643972,-0.0495547522742782,-0.055516599664778,-0.0744225027858042,0.0236527059453016,0.177460103851002,0.154993081278362,0.0116487252155894,-0.0881068727507738,0.100945896542921,-0.0858830343715819,-0.030852459773556,1.92712803725197,0.0848604449694278,2.92273590491221,-0.03997689470268,0.0243724730971738,-0.476383586399465,-0.164811285329006,-0.225943831664189,0.0262080980590656,0.0778035900906582,-0.639567649489015,-0.0366238978991256,-0.651387369970839,0.000902241111508777,-0.061021018784823,0.0312784242256034,0.108893199124922,-0.0361975130739658,0.0488280730117632,-0.200944220719446,0.0153865328841159,0.0967503810920056,0.0731935302565699,0.00193433519897841,0.0124971944280443,0.00426978239681881,0.0369888780837167,-0.366683010117499,-0.010317497385275,-0.0986837588124846,0.039519859463938,-0.013355754100323,-0.141081093470089,-0.0294405958377773,0.00743305514638164,-0.405715694169861,0.0040109577735892,0.123173892354248,-0.0164105035563438,-0.0964799726512851,1.19890710729856,0.115002837736922,-0.0466614187291892,-0.0131887702372706,2.94576053501358,0.0964717707693116,-0.301114797472239,0.0109516143554985,-0.00864461878005869,0.896982189514737,0.08359192452422,0.143016668120799,-0.268302888317782,0.0978762252014073,-0.111357496543776,0.0573254795308793,-0.0117865294041011,0.163595096572768,0.0176152952998071,-0.0823940557948191,-0.0752524538467039,0.0517157796203043,-0.0551388911043658,0.0451197806417303,0.00459879049982665,0.073421658116894,1.73711365741189,-0.000106481789558721,0.0406621187562679,1.09097650404325,0.359610713110038,0.00175502735452665,0.0289513208639607,-0.220808607945245,-0.140700614513709,-0.113529517268275,-0.327003984718556,-0.0747387596954834,0.0174587373224843,0.0257340326133046,0.0195143801426986,2.50958416069882,0.0932430270749754,-0.151404110864931,0.00140176102165426,0.0218233702020739,0.0094142450853093,-0.0898874451769867,-0.0691230123587122,0.010653053639628,-0.103409346642488,0.022657691662256,0.0666239998263078,-0.0487074271249089,-0.00343980935903148,-0.0686423246413228,0.0172533123850943,-0.186963745177062,-0.0551583178759578,-0.0221575139594423,4.08126337977656
"IMSA-024",-0.365282451812252,0.398781010627745,-0.34235153744988,1.42045281108139,-0.00640297001155887,0.523301703953447,0.00673973429018598,-0.368789688578629,-0.0158233499240257,0.00416799586065124,0.0420493543178292,-0.510507886447412,-0.395863453747764,0.0729464079573886,0.46557186112031,0.00396128164769536,0.00408471350148065,0.0222219889049898,0.470368986536658,-0.0308414206164293,-0.0413142076113356,0.333894230615098,0.555895309814251,0.0494498015377905,0.787457954156295,1.81937748946279,-0.0780123384990363,0.0168345627854075,-0.010217771031929,0.0386585104819011,-0.298135975470199,-0.159670560151398,-0.0748931382305589,-0.214514500683622,0.00709368056358645,-0.573899717763553,-0.0294996412535301,-0.050945852492816,0.67176186115908,-0.017807780479341,-0.567975216972905,-0.264409395563415,-0.433489617001352,0.00362025500309913,0.0272904572768185,-0.365136424111923,0.0126050069402101,0.0256725836279108,0.0105061819162469,-0.203597937775186,-0.119567676053686,-0.0216369379368293,0.0121406522922016,-0.0418647306564746,0.0243249868488058,0.030065863690882,0.999762836673931,-0.037647162616786,0.0737494581052771,-0.411180915347541,-0.780110779922065,0.0403095015998245,-0.783674894375096,-0.000702692426326866,-0.00338959737356078,-0.0586667047833511,-0.00243077688565248,-0.00341949558129745,-0.383405143572038,0.589668605004162,-0.01100456722308,-0.0296308075700938,0.00419894009226435,0.0875141275725977,0.0743866504280409,-0.00981249873989876,-0.033591756254044,0.0325409740634787,-0.0243242629604433,0.000819081979763919,-0.593208889451015,0.000482542966699776,0.71318025221325,-0.008358352220285,0.00695182193734112,-0.358952836111213,-0.186581109237108,-0.318096862914957,0.000997062903787278,0.0317182907128463,-0.423111244682632,-0.011551750293017,0.0467556093699764,0.00245103312767734,-0.022423477667289,0.021308538735683,0.0530580549023438,-0.0112567503203143,0.0242055030231006,-0.214318625813835,-0.00538044560329647,0.0224789230424201,0.0157721654082349,-0.00422126388699314,0.00880590938009633,0.00550596519736662,0.0203587024734656,-1.04621085864315,-0.0288380836978748,-0.143119492184516,0.00769692621907728,-0.004653370146771,1.24195201563891,-0.0251166666811764,-0.0069856956076383,0.446710371978653,0.122550299405032,0.0434990049763054,0.00230187153718907,-0.00765793321934602,0.0195751401799125,-0.220650126787084,-0.00871347627996962,0.326322420434374,-0.317887745149032,0.0348878883574307,-0.0839352018714592,0.00358734561152401,0.00498761315672105,0.389477471098376,0.02708770060516,0.0248086620923334,-0.0807856765315182,0.0299289104081523,-0.0759442077091724,0.0170355521944183,0.00523274680861543,-0.0690054153131332,-0.00361910280162586,-0.0279727560095039,-0.021297846131445,0.0392255577307479,0.000814719671233524,0.0314907446483315,0.00407171525132916,0.0403217525977122,1.35567626062241,0.00740107789666331,0.00758942582295102,2.66511484317241,0.584832074346629,-3.29156869544455e-05,0.000480925637830695,-0.156954877050284,-0.0818794173333178,-0.0313272870563439,-0.996472756189265,-0.053560242960147,0.00544981675317413,0.00446112292743407,-0.234396456317946,-0.200977499952412,0.0278687326853875,-0.300393507272527,0.0416544097945994,0.00779138171037834,0.00496837210509797,-0.0530588162181774,-0.0262156711288128,0.00115601405248047,-0.0333863230709497,-0.00498334335115623,0.043443355598056,-0.0275195049815117,0.0016355854997552,-0.0306055751389381,0.0153990933148625,-0.216550024596249,-0.0151067868328086,-0.0121992462195595,-0.269158671105654
"IMSA-052",-0.23150760813633,-0.126178881858861,-0.79447161478877,-1.57133274233403,0.0621204194916309,-0.630768487869771,-0.00902387690441209,-0.378257553518197,-0.0049886358458457,-0.00105280327403155,-0.0225519418350884,-0.0485187036301481,0.189232633282746,-0.106392783664368,-0.516569043986705,0.0798844269945119,0.00568054432747168,-0.0118027892575558,-0.0955503214491099,0.144381492877934,0.0404518447270601,-0.245625357469882,-0.429463277573029,-0.0531231061102072,-0.246089625155429,-0.606299175774358,0.316960320214196,-0.0295468279164102,0.0203395738037778,-0.0716361553019288,-0.582472031240134,-0.373187513685425,-0.468208029803649,-0.214427652002001,-0.0424140652786596,-0.420581568973762,0.0410613502324226,0.0460636054904784,-0.423187317298064,0.0295872822910153,-0.219672017880906,-0.454594309077783,0.248485441534346,0.00059487756125413,-0.0134202395610874,-0.438846755853171,0.000475289679803524,0.0134115435608612,0.00793373940456666,-0.211029751957133,0.0694447594560672,-0.00231609517274784,-0.00102964266804065,0.0884823581558132,-0.00389500617603587,-0.027338467522368,-0.54368776810164,0.0270263851517375,-0.080516678187092,-0.590160209240872,-0.401406138675437,-0.00204735209749903,0.251202613863478,0.0202348541476734,-0.0070989628433721,-0.0114805041213795,-0.00313552175433626,0.0822274712146796,0.0913958487390073,-0.55299370588264,0.0229203285714666,0.00858185802891036,-0.0488373107350232,-0.014184536639483,-0.054670521886821,-0.0294673866820067,-0.00266479404693406,-0.0256770751535269,0.0311602625552626,0.0303695931252876,-0.200879973315698,-0.0394164688820571,-0.439090002623056,0.0270501456494152,-0.0125156397236072,-0.263180449176412,-0.266239807038736,-0.32679881058881,-0.0286280991187067,-0.0132552080376122,-0.315972115955467,0.00159013930212972,-0.029884032818072,0.00276725652336455,0.00291052368205928,0.00755394473516264,-0.00825518521760859,0.0173360014254778,-0.00149112109918035,-0.23044285448289,-0.0101335621940639,-0.0293251167665914,-0.0287045736793678,-0.0461982673344328,-0.0125068864959019,0.01075048508984,-0.026320906282829,0.341750750177568,-0.0487676222804817,-0.113042812806363,-0.0299482615884647,0.015477719199817,-0.854882357026173,-0.0128022201913513,-0.0157566867135708,0.212061986705377,-0.00844139008980581,-0.0759323338973721,-0.0220376427250062,0.0426684992553783,-0.490645809428317,-0.396031408021998,-0.000585730451412147,-0.377401450454829,-0.497477017102783,-0.0106941182980048,0.212215666739885,0.00988079744726772,0.00921186204747367,-0.955000482148719,-0.0422655327522564,-0.0416914676413525,0.0962475772504748,-0.0157783457321634,-0.0274202148343831,-0.0194552331325962,0.0205489003581805,-0.315354013499199,-0.000239289404719596,0.0349592719405115,0.0419121496752414,0.0100531182623653,0.0379744821014996,0.0144351746657351,0.0046882569311293,0.00421560593456402,-0.490291609064241,0.00352056514038943,-0.00882565721093007,-0.559597937836865,-0.375912024854962,-0.0235556145715451,-0.0246554570879914,-0.653443077298982,0.0970640749847675,0.0518169423589145,0.916518205947759,-0.0455032176972684,0.00417768396206563,-0.01420191762786,-0.231528120789137,-0.427995527478317,-0.021672466278718,-0.352113236386709,0.0368953611439996,-0.0125378384565809,-0.0449309200348034,-0.00941470237303626,0.00700837313351571,-0.00650820840711038,0.0178478357042161,-9.94304122537804e-05,0.0152591905240738,-0.010917375275756,0.0114947546129772,0.00182794860406708,0.0421811395267864,-0.22799650378205,0.0113660535105532,0.00196058703994252,-0.381394998308367
"IMSA-020A",-0.0603446720827396,0.478821774475353,-0.404630439278867,0.870648949273545,-0.0497277384435059,1.63479610278264,0.00223955563795519,-0.369927379208971,-0.00964831010193202,0.00442686383151336,0.0205638098655668,0.0535432025891228,0.593070180564287,0.064556697802982,-0.463123392919839,-0.0415235365669936,-0.00742475000086505,0.0179300902400066,0.748839924569222,-0.110216720081565,-0.0152034904462854,0.460935692114846,-0.495880946126424,0.0399466274299893,-0.215757061307433,1.02080860493317,0.455711193890696,0.0215668251257112,-0.0230930772381326,0.0606865134785807,0.740572865127526,-0.0390509005298569,-0.582856105117902,-0.213267262984689,0.0330442118625994,0.0492760285756724,-0.0343055724187215,-0.00527520721399136,0.0698369143402877,-0.00751048634733039,1.39218665207652,-0.375818599361262,0.934492871224164,-0.00921190247646583,-0.0150824186907162,-0.202202686648481,-0.00673770635848367,-0.0197584761421139,-0.0105597924819763,-0.227945175838417,-0.0439329300147649,0.0103730064133048,-0.0087392370419142,-0.0642483154152044,-0.00969170853271153,0.0183150605346974,-0.466968666823392,-0.0148072636453408,0.0704994370715455,0.350606330132124,0.427163953902749,0.00170090202862799,-0.040099616351121,-0.0190886479397165,-0.00396077326524118,-0.00729463472509503,0.0268659624282998,-0.0591254602035479,0.641265207700412,-0.332989521216756,-0.0124881121784589,-0.00527395705453071,0.0555140963393343,-0.013960600755182,0.0392795979548164,0.0229406830409319,-0.00416037945428415,0.016248139180821,-0.00849652213838935,-0.0227189277417577,-0.00197004913303877,0.00232891855943077,-0.287736268312372,-0.0262604089740136,0.00564999728614306,-0.207261121197269,-0.177254777453409,-0.292245042933313,0.0212690856652948,0.00863133458811551,-0.145621966499623,0.00101979797533085,-1.68481839755637,0.000389827119816919,0.00192674757304442,-0.00192774528924203,0.0100480329812956,-0.0223459850264702,-0.00364827859842698,-0.202133004501988,0.00254219009331817,0.0235205220072106,0.00891726264086235,0.052778366723183,0.0246703038681523,-0.0140597232475047,0.0348112947826466,0.770906171695337,0.0445647292194242,0.828440116691158,0.023932222777515,-0.0127907613427112,-0.3039977258845,-0.00310863541975961,0.0149337030010341,0.454207401188704,0.940525495397469,0.078677976597589,0.0345138704375015,-0.0147886953694625,0.172160268310461,0.163364008761336,0.00524871865691306,-0.190119949907989,-0.401498039609334,0.00530680889168553,-0.196907232742667,-0.0143081572753301,-0.00263213377610771,-0.335947082500553,0.0316237452070212,0.0205005154570374,-0.0668581959415237,-0.00214440179379114,0.0305119089912579,0.0227399784090462,-0.0156388891043491,0.671039456361631,-0.0107054670980674,-0.03149348789381,-0.0487945120885139,-0.00855765442709514,-0.0159386675828789,-0.0208363607660257,0.00177313539449517,-0.00201060507115702,0.906298070035482,-0.00204753708467232,0.0129162588849018,0.193625948020088,1.53847127416441,0.0376058293822869,0.0135258636778715,0.537314914338319,-0.0796513279500576,-0.0512812601576218,-1.82471765004219,0.0540930393156706,-0.0109995767476099,0.00918507041071832,-0.235857050729786,-0.485575252586549,0.00153551721204294,-0.165559852513741,-0.00996059696953168,0.00760037972503598,0.0543898076591056,0.00563132673111413,-0.00520756145830078,-0.00429639880446027,0.0101006497576687,-0.0157815696021199,0.0016461324181182,0.0406195733922338,-0.0139104561712979,0.00996329461749104,-0.0634506705737101,-0.173893678095347,-0.00605855719948185,0.00584551170355892,-0.396532052001005
"IMSA-075",-0.389401433020052,0.337713219350167,2.49389228044674,-1.03327154124048,-0.0127120693173931,1.31076973931083,0.0286267770820703,-0.378089482276251,0.00835966351240256,0.0115599693724741,0.0613166037067065,-0.836289121929473,0.325173422974293,0.146829139236136,1.91011029594833,-0.0940997683457877,0.0155718479456534,0.00549514818500396,0.377155260241723,0.0643156120406093,-0.0642300131581535,0.408067726345893,1.71869079588887,0.0539169342928706,1.93695802098494,0.292174693355838,-0.985484436158498,0.0394349229572982,0.0123647177428331,-0.0453817662197943,-0.223395249563204,-0.212625937375182,1.94516829980049,-0.212243591404856,0.00998206906266388,-0.771589586066894,-0.0224667780070682,-0.119256403946707,1.28277906935408,-0.0620560406119053,0.682782457955505,2.47450279042142,-0.816934520954667,0.03292442693772,0.0932218303551415,-0.0241426084484226,0.00740961370817272,0.0387802828833492,0.0177672121500115,-0.228994223122701,-0.149942691414994,-0.0450831885878299,0.0322977134463524,0.0680321996293482,0.0567546312238705,0.0243532393024665,-0.677665849936706,-0.000187270420395319,0.0186759494424508,0.341369651896478,0.52238625178106,0.0686475692912552,2.19447887371649,0.014528171991151,0.0285765168842882,-0.0781495275944313,-0.0162706778466969,0.0435025416887795,-0.769991379001639,0.596929841908016,-0.0305863547400472,-0.0353198807822056,-0.030848727832748,0.140952326023207,0.0495572480354785,-0.00834582015113274,-0.0710517764775167,0.0503783907969751,-0.0508218636754531,0.00654118218140643,0.934666743675301,0.10664546418532,-0.0363719706022734,-0.00550922207262763,0.00616735632869056,-0.456183781316746,-0.177499955619112,-0.208661458054381,0.00244817002744735,0.0312092548071489,-0.374430854526003,-0.0301501109587721,1.54938140714991,-0.00494532770019467,-0.044281412105348,0.0210473443157833,0.0610886022763523,-0.00254494515997392,0.0299051755490226,-0.216971439205033,0.0388139991361908,0.0510290844700861,0.037564663646805,-0.0619079644695134,-0.0122867363245684,0.0184622429695976,-0.0237951675159355,0.242312528888798,-0.0444722290960633,0.267342777704921,0.0104728978943677,0.0113368589367774,0.101710625135128,-0.011373867308225,-0.00247280850648513,0.781568283227199,0.283315742942937,0.0151197467319377,-0.0497252448134357,-0.0676234068683792,-0.819946576529972,-0.801312469491409,-0.0430352498649846,-0.313387250459844,-0.742352615438629,0.0641306759750589,-0.00426290631585306,0.0312093511835977,-0.00901200127514156,-0.728368228555353,0.0244084813644655,0.11107483401917,-0.146944648943715,0.065942361389204,-0.0827198404352326,0.0156472988296793,-0.00141503702818564,-0.522625742144303,0.0221111017513309,-0.0167799491876119,-0.0166378064611628,0.0281922208018215,-0.0224105190292667,0.0552184221263714,0.00567682588488768,0.0487725931036062,-1.04934541467197,-0.00908118666841571,0.0302622379772009,-0.196940796777045,1.24599423808991,-0.0235121203816032,0.0567380938137794,-0.923159475030581,-0.0142081027985455,-0.0422364341084898,-0.289006243766088,-0.104076066032483,0.0195001333184232,0.0166101850047786,4.46142322041215,2.25657019266841,0.055039206177592,-0.143496662512873,-0.0285602493744887,-0.0156049888647258,-0.0482299434978977,-0.0661039249487135,-0.0491704113880931,0.0140237689138656,-0.0793337892254354,0.0434816019767904,0.0356177146597306,-0.0506094305082283,0.00548575652400268,-0.0572363977241105,0.0693647344911671,-0.201656764851414,-0.0393947414041233,-0.0171733190621667,-0.388716259233757
"IMSA-020B",2.91738081026,0.600768730862925,2.63762513088325,-0.206935020992335,-0.00682986497883012,0.855735571642307,0.00400752586512431,-0.375687216047554,0.0151956177990225,-0.0148200148811093,-0.0452485104986952,-0.900675847591794,-1.87858290983833,0.0435288459137685,2.11609437672372,-0.0391646611834537,0.00506103252710841,-0.00708020009996856,0.818344183659095,-0.0536796983567019,-0.022462535579561,0.346238364120038,1.57144232074431,-0.0163844476917892,1.41347757519501,-0.647230418324673,-1.07508407899805,0.0193745947283452,-0.00483302430143207,0.0172696913079504,0.992316844096433,0.905475609096031,3.31584748703539,-0.209403811877906,0.0117554645176633,-0.691710675829037,0.00191995623938656,-0.0496418801029812,1.22428460998321,-0.020648876676685,-0.0219730468046181,3.27196016712248,-1.03249798786958,0.00256724881540628,0.0378046248065178,2.2979908899373,0.00651351230942503,-0.00450410917540766,0.00951592951124051,-0.20963487455514,0.0151246501782691,-0.012299263095264,0.00935745006739057,-0.0499024221837727,0.0119709600954579,0.020644649731024,-0.664886886845103,-0.0178080951583221,0.018818273340583,-0.434703232731347,-1.34726839067273,-0.0121414536586525,-0.744004243989649,0.00167157268642499,0.0120852706209803,0.0389410606931138,-0.0358238468885625,-0.0608418491265991,-0.43665832797523,2.31289642311724,-0.00709978285991776,-0.00179368376965293,-0.00572226693762415,0.0193268062117473,-0.00404926736811146,0.0101180970663076,0.0315093015332342,-0.00244424349712194,-0.0329863898590067,-0.0116988739436777,-1.18378664123892,0.0434175734480669,0.621184016294386,-0.000429017238341606,0.00753849919360588,-0.468899178598434,4.45486836544744,-0.264109956913655,0.00474202402902649,-0.00656727783922564,-0.770421091967501,-2.3020975226097e-05,2.28094243220407,-0.00373115562594102,0.00186683747088042,0.000363809590831856,-0.00915638575937879,0.00245965042694589,0.00694516671625543,-0.214017639962777,-0.00488918825591636,-0.00555825203551121,0.0231109818131595,0.0104029251027109,-0.0215282292347272,0.00652559098851046,-0.0159601981337561,-0.312938452921877,0.0136866269247724,-0.399475411533774,0.00755474615993042,-0.00525769043921338,0.0871809736088742,0.0113531705164202,-0.00200694534739279,0.248348179188545,-0.667206473253774,0.00711232582625948,-0.0131123322447757,-0.0343298930292147,-0.861821445432542,-0.702115156510612,-0.00201229483268249,4.34324462489774,-0.714689016662314,0.00394826938937202,-0.0420651796367306,0.01139225327825,-0.0155898839422757,0.548755656137976,0.000499812265447169,0.0137005487457576,-0.0225304558952837,0.00796803459586329,0.0456150656612048,-0.00378980164748579,-0.00722250677556,-0.351837126067274,0.0110004345403245,0.0181204717158743,0.015231203288616,0.00444335374326583,-0.0155045423638011,0.00617980586688179,-0.00289754999927922,-0.0304792539639749,-0.30936320618942,0.000254223313694004,-0.0110132190574102,0.296314668586648,0.216621977566948,-0.0113724610647543,0.0100802528143812,-1.04002587499735,-0.0551558951757279,0.0241366550866677,-0.306088826991475,8.96436540503342e-05,0.00471816949354588,0.00552268964828898,-0.223669780311765,2.23264818905026,0.0185922300057472,-0.198706363769594,-0.039680973256871,0.00365109239499203,0.00399304147182651,0.00860754335984303,0.0082628597542498,0.00443695251908988,-0.0330887048172804,0.0103328021000337,-0.0243136080962098,-0.0214114148139668,0.00223221554262004,-0.0156534560052713,0.00776777675496822,-0.208286516238493,-0.00271181988880291,-0.00745883237362569,-0.388998951631568
"IMSA-035",-0.329790302905293,0.856750644461583,-0.134123181315143,-0.963239624125058,-0.0724710362837771,0.0994827857648273,0.00967254750907647,1.72020464977184,-0.014982472456906,0.0057334292140057,0.0476209178427345,-0.754837532109069,1.54018863636647,0.0853736846693108,0.00189048836401696,-0.0690269431188343,-0.00921080372121582,0.0138409443075102,0.827173196799275,-0.213540963161007,-0.0263209396618035,0.734241046155969,-0.0618430994944588,0.0600457913852484,0.430285322905907,1.69322203870037,0.512305169819439,0.0384821880350249,-0.00880304935573097,0.111792632691464,-0.239779881561674,-0.109561394797106,-0.321669139578696,-0.213411059793722,0.0471099010901835,-0.478461062664173,-0.0424619540558735,-0.0225436970631813,0.910961274710928,-0.0229338940750759,0.171650124569437,-0.417808556160724,0.361547056399824,0.021676699167151,0.00381238460952,-0.384891935524342,0.00202007083515846,-0.00520284939533948,-0.0113847722449338,-0.238029102216009,-0.0781114081332566,0.00614354898939704,0.00117572349663022,-0.108523398274904,-0.00251958578988631,0.0382674022627858,-0.722849658618626,-0.00799905156724793,0.0670305645053916,2.20853539410911,0.181532995461944,-0.0119529308199084,-0.321551505618237,-0.0394783949960808,0.00948156167089627,0.033211081802657,-0.00431709306299364,-0.125960777365665,-0.964837306148379,1.26407637104146,-0.0262971694634963,0.0173897947180561,0.0348813015258037,0.0332867970333685,0.0667384974984285,0.0374116657620688,0.0151619995060493,0.0110646524888635,-0.0219570717193507,-0.0208167323610925,0.257820194318172,0.0875680685678103,-0.817565460645871,-0.0267883415945633,0.0241061512004984,1.19290813094991,-0.244854975457335,-0.27336909632694,0.037587379347171,0.00499743393804771,1.6267111159285,0.000475438814090571,0.819353343301679,-0.00522917613505575,0.00584469262001286,-0.0190661653407018,-0.00954594507225516,-0.00531202986537871,-0.0125139592852351,4.47148852772089,0.0253275494012809,0.0178577144187224,0.0256188343875761,0.0466816476909137,0.00974268485988367,-0.0120000040503693,0.0194369968635804,-0.287665963501249,0.0480277448729922,0.45257229089372,0.0314867809203096,-0.0203125122148531,-0.990263454280134,0.0242162982610674,0.0187272970373942,0.701318501096896,0.769295771035629,0.0744858668402148,0.0424605845729249,-0.035259485965871,-0.795601307120746,-0.853777484408196,0.0179061860110072,-0.372977001702656,-0.731632615499174,-0.0167366617617329,-0.189891686753934,-0.0246356003333555,-0.0206810800472436,2.13670316008357,0.0473988997659027,0.0214890535885324,-0.120616355995924,0.0189231656259596,0.0397273149537969,-0.0064849250682038,-0.0186913057385229,0.538980298237627,-0.0153478094377574,-0.0288482133044928,-0.0387149630264766,-0.0445610811394917,-0.0456292950211192,-0.0103224403988286,-0.0131151133500944,0.00478152561881411,-0.998124670354758,-0.0142449574629714,-0.0141472755517705,-0.597394131255457,0.865052775130657,0.0313437705853065,0.0331736428947659,1.3552058855026,-0.156529023877137,-0.035589402789242,-1.02674148702598,0.0465048583334141,-0.0110062096280366,0.0218388151034263,-0.1822634858398,-0.3702339636493,0.0226833501423813,2.55844975785982,-0.0260109787737727,-0.00608023970175849,0.0575440066410987,0.015476969386325,-0.00584962422732894,0.0120258692162525,-0.0116793282927887,-0.00271216865770445,-0.0312482176982595,0.0249669076437911,-0.00761892149074042,-0.00143922819536348,-0.047831757667103,-0.218849019253428,-0.00504488434349675,-0.00508489309287708,-0.38613885080511
"IMSA-027",-0.253383036753426,0.220677302961689,-0.488576649245128,-0.56293381098512,0.0112055402777896,0.796819647146835,0.000798109835539677,-0.376383633347016,-0.0128639918763713,0.00681852729469464,0.012676170387885,1.42223510027704,-0.320225438826664,0.0180503564409868,-1.02557492947325,0.00813179527052851,0.00492919142989441,0.0124021161819251,0.578297785415457,0.0555369893942308,0.003070070325526,0.373892876993554,-1.17999630273236,0.00953370751551902,-1.25040958674208,-0.651351761480192,-0.389923412199063,-0.00316101189967413,-8.6190865752233e-06,-0.027851704818069,0.088387616823517,-0.380840474464141,-0.644420676532025,4.47719566710559,-0.00495336354013792,-0.526241365234772,-0.00169725086963067,0.00770604285926375,-1.08040046469314,0.00225888592133974,-0.286397070245967,-0.399703695690311,1.9394720965315,-0.00377937686785731,-0.00566262912777747,-0.447046313597533,-0.00844506909664551,0.00749543396370527,0.00293493597840633,-0.230802173080034,-0.0546601219703348,-0.0013329102576179,-0.000651281277338201,0.061001597620767,0.00374403484062345,-0.00796227161616758,-0.657048365452357,0.0104871351850033,0.00402818998471299,-0.588141354710175,1.04170037586838,0.0278200294804836,-0.167360692460139,0.00836957397016226,-0.00332745600168523,-0.0566410652167032,0.0231313411929522,0.0509043125588776,-0.861045949713203,-1.39186159645136,0.00282468312786807,-0.0112506177127178,-0.000625022045416001,0.0155408146623,0.0123007894397629,-0.0117656362921886,-0.0360775213338945,0.0096750994125799,0.00894042333623474,0.00947736890803297,0.669312635072603,-0.0119555882187492,-0.905478943189377,0.00240561460286439,-0.00998142398741951,-0.366377018171851,-0.161290438757395,-0.341473338093467,-0.0135495830315836,0.00704294615681261,-0.507002462706275,-0.00559692396872842,0.508281604641897,0.00539041910971763,-0.019662509049332,0.0142403743741219,0.0262387051899238,-0.014102215253622,0.00491705051071502,-0.229553768042787,0.0224020669022285,0.0137305179318569,-0.00610812415948474,-0.0179510423997104,0.0142757200152034,-0.000658014833451488,-0.00221877649099303,-0.113964399316422,-0.017878225410947,0.137912541752372,-0.00240496071085506,0.0100595656879471,-0.305516791031746,-0.0287261323867021,-0.00171369617914772,0.513536957143521,0.515821433961449,0.0153103634922255,-0.0103006536432342,0.0104809441208297,-0.765958154476766,-0.687739261095579,-0.0169100848904446,-0.315410106927609,-0.685756448447349,0.022267715878414,-0.0109495831173069,0.00952414967178468,0.0157749721386804,-1.10136570452453,-0.00610702843046013,0.0264009095620691,-0.0216624754173021,0.0137435243124277,-0.0342342821390633,0.0154862759116896,0.000620186279305938,-0.328510924585326,0.000879759848809596,-0.0182405300272778,-0.0213210695222379,0.020995819652178,0.0239709449620749,0.0178980037422304,0.0130338686668747,0.0300451536710051,-0.636139629360543,0.00527862334467605,0.0266452516472437,-0.755905747123649,1.15029917973199,0.0062586144302053,0.00596726141476848,-0.915302507905989,0.032988171643239,-0.0320559103753511,-1.26971140371366,-0.02237228846155,-0.000393896692691386,-0.00101202816225675,-0.244093766460836,-0.560523841818364,-0.00440790295816418,-0.205984282928313,-0.00574002907084815,-0.00209602231779709,-0.00444335718746811,-0.0237899761915982,-0.0102573410563455,-0.00189763678664572,0.00545325826123506,-0.000632085263969137,0.0372662693341053,0.000755632189697862,-0.00142934505089216,0.00066753068361402,-0.00224217051668804,-0.19843166911244,-0.00891605173349845,0.00161074509189605,-0.391534116951367
"IMSA-068",3.22048866808392,0.35838409918793,0.969806983098412,-0.252734548374109,-0.0211771673074453,-1.8264819811745,-0.00436142740541576,-0.375720649209973,0.0383511888722602,-0.0165350567573119,-0.171742872080255,-0.292839695106041,-0.316554187793361,0.0341176641825072,1.60736011340616,-0.110518432014999,-0.0086916159399666,-0.0246933412475125,0.361830479355012,-0.0499979937953386,-0.0238634857139603,0.201079611382778,1.81951076393712,-0.0760571907910021,1.51545043039294,0.135419947672544,-0.555712268138451,0.00122554953063948,-0.0312441412052175,0.00111566990109243,3.66181578998269,4.24450927595219,0.442276062887662,-0.211580525932768,0.0248077068146365,-0.291743470507922,-0.0101172495104831,-0.0247993649804741,1.55821993985402,-0.027627677393461,-0.357633335072214,0.352655861559527,-0.787662488664715,-0.041168648703499,-0.00191622361923002,3.44080870771182,-0.00569188817137908,-0.0761362485637227,-0.0208043514098325,-0.129388543470843,0.337598008808656,0.0222560289597626,-0.012938476522679,-0.0668246714886337,-0.0240943707832664,-0.00788909438369409,-0.411425868669178,-0.0176210536800972,-0.0140465357511436,-0.524848232400333,1.37325560221563,-0.0586718712734996,0.118406070619814,-0.0222500381225852,0.00871941082817635,0.145685884713816,-0.00533381042446396,-0.106607328187761,-1.32534008296214,0.318337268393532,-0.0159560105404008,0.020633724868596,0.0574324251184541,-0.212767646000231,-0.145451140097055,0.0468896480578686,0.0981193130164151,-0.00218506783161056,-0.00511397658858845,-0.049498694728242,2.19272248433382,0.0289043711264942,-0.0663806847503056,-0.0273791645767298,0.0120222599401802,-0.460210207684273,-0.235281531189207,1.38620507720305,0.0434983902533236,-0.0283345414265168,-0.519409851562613,0.0109310459909006,-1.7708436634387,-0.00995985688481914,0.0306654659398106,-0.0351025482551964,-0.0543836137563715,-0.00422689515401065,-0.0202097119409882,-0.213131833423396,-0.0706650131316111,-0.0363140589617102,0.00150784824388349,0.0896704139966084,-0.00498421346659139,-0.0193995550637354,0.00709716273973527,1.39805772208824,0.0946519928285938,0.0563805565668982,0.0295225883485381,-0.0328780753196644,-0.220021584519516,0.0453232320099766,0.0202190153797191,0.0366585079182351,-0.203625280142241,0.0285636163163264,0.0339043447085005,-0.064291322353335,-0.12517774941698,-0.26156882044068,0.0318600844246276,-0.33245697343502,0.466402997196557,-0.0387185566133681,-0.119937025486656,-0.0260251102811436,-0.0353214612410082,-0.563288987412832,0.010570531462355,0.012907399893955,0.00318528386177509,-0.076751380461515,0.245338933110588,0.00173405622857459,-0.0265387443592141,-0.172201302048053,0.0101749086062894,0.05285705599724,0.0312606391605227,-0.0397638469845088,-0.0433408196679368,-0.110803745576711,-0.013588996636563,-0.157831249705847,-0.48510525248228,-0.00864879171232837,-0.0225060008608447,-0.28416648606585,0.96185397139169,0.031211267487345,-0.018432040202227,-0.667334625692881,0.0499791039490949,0.0925045227974221,0.165486693422837,0.142733775005116,-0.0140592040712348,0.00257339907999439,-0.221181915165136,0.686203615675506,0.0123930693397686,-0.632765521183819,-0.0819614336065043,0.0118700426017676,0.056242793613082,0.0898258631033758,0.0393274474551775,-0.0131277299966085,0.0103373816028731,-0.0163583974813205,-0.096769260377203,0.0940851221032004,-0.0159139902026845,0.0244273928136373,-0.092996307771368,4.4699946390602,0.00643443931009573,0.0156955416230986,-0.252175626104481
"IMSA-013A",-0.142406496969998,1.18468692343482,-0.446595254477475,-1.23909061758814,0.0348071957748016,1.08433458146643,-0.0313719286248362,-0.378576855419175,0.0210742561742024,-0.0126339059196336,-0.0963206652645309,-1.02491778960654,0.638149956473052,-0.282715803626539,-0.936581034057951,0.132704155485797,-0.0081892480042395,-0.0515642640541645,1.19397264244727,0.00172864582624649,0.142345706833622,0.88090920383904,-1.04378377152756,-0.138009379689953,-0.984634966995656,1.06603959841805,-0.522801281633507,-0.0379411303542162,0.00994048242142165,-0.0642318661671428,1.07672123807989,-0.232703906357181,-0.450369160325776,-0.211754299339842,-0.0427116504230852,-0.00704465355575066,0.0875561950216649,0.180464559817573,-0.672827349323294,0.100542783741865,1.40455894164144,-0.410522103225476,0.988997592496941,-0.0173794265628674,-0.100402993268426,-0.284505233314289,-0.0194222168953939,-0.0615220914074629,-0.0120988180627561,-0.214216034280663,0.297148456722876,0.0474375790966503,-0.038643672515576,0.00546749719037157,-0.0824465713639736,-0.0585838820495915,-0.687218168933983,0.0844363619812876,-0.156569281552344,-0.58328815732074,-0.436797727166048,-0.115215897335694,1.76490519252781,0.00533508444760058,-0.0237527539083735,0.129970016955156,0.0126030253332925,-0.0286224537029233,-0.0613016501547341,-1.339122658893,0.0555185540466809,0.0786000134273964,-0.000781448358013193,-0.18557929976239,-0.162325190832324,-0.00322063990182829,0.102741267862719,-0.111969987387212,0.0788523173052423,0.0237818898140915,0.718630036918285,-0.0850833947383941,-1.05221125507824,0.0325078343085018,-0.022781428081436,-0.295649984200124,-0.210816939396042,-0.284157678875605,-0.0122406117311103,-0.0893018079359759,-0.0229086418086984,0.038598215601175,0.905204309705319,-0.00631536002565019,0.0802168852169252,-0.0329318837596071,-0.124364303788481,0.0324842591358272,-0.0531313831794271,-0.218106228639529,-0.0218683786126543,-0.0978699007983459,-0.0686099589447988,0.030140686751765,-0.0152820549924506,-0.00488339395249661,-0.0243938845571396,1.63259128593249,0.0453219490074282,1.12184079896713,-0.0336487464644881,0.0101145496687693,-0.818215456209297,0.044912790966294,-0.00042520677439505,1.152968845469,1.69445103452225,-0.108765298162927,0.024875468452378,0.0936825604615349,-0.899236488252603,-0.874684175920948,0.0581665696434987,-0.327364563959093,-0.653695748294141,-0.103722280573658,0.233287884512473,-0.0165226970932759,-0.00363057779099793,-0.35861054790895,-0.0797187468405295,-0.156807191983258,0.276143600494974,-0.120503509142326,0.152335238868688,-0.0551860403961893,0.0129643563228223,0.243593406839953,-0.0216629066497315,0.0819120727862768,0.0647762107586264,-0.064275315484053,0.047533373709827,-0.0681757320641247,-0.011050641140497,-0.0968822911300529,-1.22987945227021,-0.00562917526155032,-0.0471527527726283,-0.581178292275581,1.33008024697048,0.0115823369481536,0.000679926388321822,-0.162971354842225,0.0587563271023412,0.112170987207645,-0.0388609914834699,0.102080561584604,-0.0253832175639125,-0.0248777937437696,-0.229115675747017,-0.547122049579133,-0.102007808546536,-0.115715164775494,-0.0022537176630139,-0.0298759369887242,0.0113816753950253,0.105118525375736,0.0747381575151226,-0.019903021181043,0.108532156529265,-0.0261114113771123,-0.0851022349550174,0.0712438355024171,0.000336219245172791,0.0702354990263509,-0.04094373949927,-0.21967398470331,0.0586814929609361,0.0256573746734674,-0.380518033680948
"IMSA-054",-0.359747775866578,1.0799649685805,-0.50391496151852,0.445615593721843,0.0624911836880047,0.932226808968037,-0.0294335007212746,-0.37287778531444,-0.0172481451086455,-0.0052804798432368,-0.0513022004146822,0.759386532582856,-0.170702266018443,-0.234843835768078,-1.09175885189463,0.174108378641208,-0.00196640841063461,-0.0147534159765193,0.913068530256111,0.0480789830255873,0.0997908353352811,0.995556683821575,-1.23902599051212,-0.0871323615946057,-1.39917551855271,0.248486759682728,0.26139749732088,-0.0420319636905857,0.0107875710360091,-0.0439041450187251,-0.398713165951007,-0.409309609153822,-0.509554108547839,-0.213706716568569,-0.0484874806825935,0.015625376494237,0.0641393581571794,0.139770602691295,-1.17733171639667,0.0865576262350278,0.551426538266717,-0.421609245926913,1.88917398341341,-0.0107641784837314,-0.0803023122922267,-0.492257357308259,-0.00223992731627686,-0.00913556613729953,0.00329090995395648,-0.217047202901708,0.160671473174116,0.0249757761735355,-0.0224810657784025,0.0050706943516269,-0.0492234401140948,-0.0337477885401394,0.048413321951737,0.0440267247725227,-0.0942601834722113,-0.589086864572199,-0.941090733716569,-0.0584776995635737,0.241708216899992,0.0125822021996973,-0.0305686407551541,0.0428264037525862,0.0044717674152863,0.0268408394705345,1.16569253206165,-1.20395486229165,0.0502348034188763,0.0437950234586431,-0.0221675772096189,-0.0845944578216444,-0.0843377930288964,-0.0300865073328972,0.0511543911726296,-0.0753295595228147,0.0658156444937492,0.0351030824289478,-0.26092325535375,-0.098998098416085,-0.948256917943457,0.0326397132830559,-0.0202403808428435,-0.267147883296353,-0.204837887450971,-0.325806157580853,-0.0275029709621739,-0.0455022257059515,-0.339835296137093,0.0249553981745842,0.778960170402228,0.00142760971423218,0.0426434576052412,-0.0032810042625828,-0.0521260129771614,0.0233703321908773,-0.0254104135332782,-0.222120615562957,-0.0271045415364253,-0.0766583357875809,-0.058115153388452,-0.00490770090442272,-0.00252994676461282,0.002694900206868,-0.00848146577698631,0.555705365528532,-0.0253896414056859,1.07273988428142,-0.0391261397111784,0.0121320130772504,1.09853319791724,-0.00209483680557445,-0.0173749612361273,1.26338493959215,1.58400636036866,-0.0857515535190873,0.0188076324436987,0.10465868214601,0.96975642748761,0.65580279440769,0.0372566817992997,-0.184839354988719,0.559208791134813,-0.0607561363025768,0.227804994482771,-0.00663887506660071,0.0142224621947409,-0.272616697548283,-0.0602774539493278,-0.138318635364976,0.205634339567895,-0.0658951219598055,0.0200130261993963,-0.0408748880409111,0.0272014967712632,-0.0267104094260026,-0.0252311181696316,0.0529168364306597,0.0569267642806879,-0.0106960610825953,0.0635053412939463,-0.0157791561030492,-0.00249802372025224,-0.0295667112271881,0.543174737242202,0.00746712737728167,-0.0396182097941778,-0.127780099383892,0.311689733490438,-0.00616024525022903,-0.0333214213199054,0.205401945040862,0.0301073836028599,0.0913184694675098,-0.239700186723213,0.016003313967287,-0.0128911100763544,-0.0271519249318484,-0.237174253448318,-0.594294047148283,-0.0701641336374777,-0.169636122220576,0.0703576773747971,-0.0167820629279099,-0.0115600256353891,0.0301550076753618,0.0438441685082357,-0.0163789840890289,0.0776978570518015,-0.0310675579136853,-0.0124387724919139,0.0218652848746885,0.007638621538518,0.0359541948943096,0.00361039299061995,-0.223863413813938,0.0427571838255596,0.0114131105513066,-0.367364314567839
"IMSA-202",-0.384073668092472,0.777655255701095,-0.518916968961322,0.693192196572559,0.0629786098200987,0.522312018023181,-0.0239267749762918,-0.372847821144171,-0.00382218851857951,-0.0022556425730243,-0.0431090382608618,0.312754203439402,1.10544486749273,-0.240973636137696,-1.2024335916629,0.140002750095647,-0.00333562277569981,-0.0257495490366188,0.525125669724146,0.10569622941539,0.101330661547089,0.913940908698461,-1.29396047222012,-0.0881698353367493,-1.59075103445454,-0.552817437846292,2.44382501892118,-0.0486192448068118,0.0174070222189021,-0.07956449418025,-0.768802028881342,-0.40198006724867,-0.542304956720881,-0.213058146295519,-0.0505576555844464,1.32084121060409,0.0731997898575811,0.132524225694075,-1.54464432322389,0.0774447486511019,-1.13306895221609,-0.449407748069022,1.70614509417179,-0.00438046685739641,-0.0719026250933261,-0.484318726406912,-0.00503303843687974,-0.0137263506541339,-0.000811406045400008,-0.215860383842232,0.1892869306442,0.0258790040483163,-0.0219075763008881,0.0538904181182434,-0.0468663889969321,-0.0503587396083335,-0.215829314372375,0.0576593040540767,-0.128481076535421,-0.450993748227869,0.567192216956369,-0.0606925209772146,2.9179142403157,0.0166893049449934,-0.0236992362416471,0.0521472337037604,0.00621392249688417,0.0709067568463854,2.8131891036911,0.130043835267221,0.046196340421348,0.045880633919518,-0.0253246245978585,-0.0974815791666743,-0.109361190946815,-0.0276041199607074,0.0458875839698233,-0.0752950486926035,0.0640034038031001,0.0296550679497679,0.84395216104465,-0.0856813903673946,-0.327126830683686,0.0328475902635321,-0.021209264653114,-0.47626081843399,-0.256824921444608,-0.195947720808652,-0.0228255212806295,-0.0471903703736343,0.677765215846962,0.023479717571266,0.813298387245792,-0.00179866711908299,0.0467055556398169,-0.00759399202185083,-0.0612268607572394,0.0290878572738377,-0.0274978529752034,-0.219841657020321,-0.0275511206677368,-0.0687828979040882,-0.0577576037023819,-0.0242975835959143,-0.00827399329702551,0.00297150298207019,-0.0173270670134273,2.9555923098961,-0.0189859405211266,0.44539874996101,-0.0403186835287175,0.0170470136327475,0.114793263604748,0.0171514623466304,-0.0120712438887854,0.3227354673108,0.651248658963978,-0.11474561568506,0.00546429935305313,0.0875094592176198,2.12045825513311,1.27166154781651,0.0324624719716676,-0.286400786264107,1.45403202008046,-0.0630714220352072,0.285280123095895,-0.00514109978405868,0.0115102547272223,-0.493212922225066,-0.061638425370203,-0.125027079309552,0.218949607384455,-0.0715854355174308,0.0148287547573621,-0.0442841789512256,0.0282214687598127,0.179881263071209,-0.0159928815633115,0.0607773294408886,0.0624006962320921,-0.0255036330925149,0.0443718548735786,-0.0253530994322284,-0.0048308092028556,-0.0336895043644304,0.657492668976046,0.00182138461046569,-0.035417927335012,0.0809398727775127,0.202090930869908,-0.0159090329458547,-0.0290776192346536,0.466509769147412,0.0953131611347533,0.0882182939536436,1.46165522670753,0.0205451519336301,-0.00733918299632709,-0.0278710147847865,-0.226749577197378,-0.597805833004919,-0.0707852593936908,-0.23352126666344,0.0558410490960035,-0.0177651796008654,-0.0315394764010045,0.0400881228515544,0.0403127488131484,-0.0120680692868188,0.0762266631571227,-0.0167912768942508,-0.0271123297117959,0.0229590353330302,0.00775643285033074,0.0381785605678439,0.0143760449408283,-0.216072265034173,0.0425305849638002,0.0149904839098394,-0.384746439356878
"IMSA-077",-0.412878604807274,1.57702318985495,-0.258971032651625,-1.10875487628067,0.0308582048344123,1.1534246859998,-0.0054808436728913,-0.378303213571906,-0.0192197434676565,0.000767651444237657,-0.0312181070314582,1.50132239971224,2.3016567873486,-0.0525993269543388,-0.486017138431287,0.0315956279229533,0.00700248937120621,-0.00140505600616058,1.47482249792339,0.0944615617508324,0.0274325367462297,1.56173327386866,-0.591730719014661,-0.0264971489156151,-0.118278078790969,0.464296737286243,-0.253543246220008,-0.0251546812061868,0.0144605245233696,-0.0532063008618987,-0.0164203444199855,-0.25977031904915,-0.357735788986481,-0.213985429167621,-0.0152488139020728,-0.494711024823051,0.0240177651269049,0.0403346863361847,0.406305293161608,0.0118838029071331,0.0508652165665188,-0.398976634279304,1.01306373696168,0.00187774009007492,-0.0154502714519117,-0.44068914089456,-0.00498104852357027,-0.00196233876556471,0.000554408715479813,-0.211089250353952,0.0462795592540641,0.00789084002696028,1.52685490527412e-05,0.101249193513402,-0.00647508789073493,-0.0221083201091657,-0.654954828275759,0.0306673437866119,-0.0603118872854949,-0.574560002284044,3.00612666224236,-0.00644745281703352,-0.470228601421911,0.00726325934006602,-0.000441898287919859,-0.00237116548470136,0.00432172971168699,0.0637664854723017,-0.602310857814387,0.283334251369168,0.00742014931382472,0.0130088645924212,-0.0203342548798788,-0.0444539889989451,-0.0441873831868049,-0.0103893318320716,-0.00269366940197208,-0.0157443314179422,0.0257524012696375,0.011206973306514,-0.801810134987365,0.0067886132658855,-1.03893795420698,0.015391624926792,-0.00645114019494605,2.31448183640699,-0.254602909652375,-0.287201656525296,-0.0135246093586552,-0.0121473306704395,2.54481708204498,0.00428278355773508,-0.127454417525113,0.00319028781619467,0.000243027601628637,-0.00526854765622885,-0.0145744518052059,0.0124087110623672,-0.00772788259753394,-0.2119441967417,0.00317598432151261,-0.0132593288183472,-0.016626984938057,-0.0309477836561239,-0.00251579414521611,0.00158117994287772,-0.0283964459977824,-0.708254194958308,-0.0282683548968757,2.53043381695181,-0.0113121527682489,0.0100010750586638,-0.777918431308449,-0.000397233517644068,-0.00320349177689486,1.62521195961566,-1.73571321468754,-0.0426890002152119,-0.0103389965367102,0.0182745496341924,-0.862049303730112,-0.81427092011807,-0.00137971839758228,-0.38521063181444,-0.734403690213112,-0.0192556196846694,0.124214396924858,0.00474864209687914,0.00797279190761409,-0.216587109296511,-0.0229004171694642,-0.013358707306088,0.0388182745279772,-0.000637618214941004,0.0123860183166057,-0.0156467514091532,0.000213944346981536,-0.527353459896744,0.00341435746243603,0.0182136094673444,0.0238312787375805,-0.00900906767154875,0.0181054444512379,-0.00140447447005767,0.00175642494974442,-0.0049701082882369,-1.09708870759144,0.000151692204208191,0.00211965238884419,-0.771668355222677,0.549868641391939,-0.0102292117935972,-0.00541546191293115,2.83996656783508,0.102333587443064,0.0232323840726192,0.618630693082792,-0.00495536559677698,0.00229641815656234,-0.00539677119701092,-0.229689120177158,-0.499884182569257,-0.0148439739335931,-0.320746505769913,-0.0071461334194655,-0.0106232275413471,-0.0277982761022246,0.0108458280744842,0.00615706646798962,0.0048411863183308,0.0164407423256532,0.00662741109222392,-0.00319413119759003,-0.00140106266950856,0.00243271248630583,0.0105515773119828,0.0252198133934179,-0.223759646388217,0.00352493496930192,0.00316455397103188,-0.38934802740665
"IMSA-031",-0.406371278453325,-1.83371366395794,-0.836770351434999,-0.918546720152483,-0.183024382729621,-1.81200527888635,0.0253839892183562,-0.379357972300324,0.0191652641039896,0.000878421275230966,0.1197782181704,0.478971694241727,1.021585695642,0.215590777605906,-1.06219896512936,-0.237221851996471,-0.0281107438062132,0.00819344793661377,-1.56935506284903,-0.419806482574277,-0.0747659260594043,-1.58629022547396,-0.958477423339487,0.126391195957166,-1.57220425209042,-1.70655605393214,2.84025210680143,0.083861406687252,-0.0153069548518851,0.229307900468616,-0.998074038532537,-0.416716739063342,-0.431318663570367,-0.212104973020123,0.110684347288978,3.18387942838539,-0.103259518887858,-0.102815464927958,-1.97193572008779,-0.0766504367618041,1.07808757378826,-0.493050152337665,-0.758924611940603,0.0382389443366246,0.0413740017023348,-0.488327619319464,0.00114991752390112,-0.0259392430604347,-0.0249799274244787,-0.229827019133937,-0.17986348575757,0.0109961773099362,0.0075010521310449,-0.224556711074203,0.0113795361843896,0.0669235826809323,-0.557111148960123,-0.0345241189421494,0.130013330801512,-0.595618492987026,0.142148213587989,-0.0339446868602118,-0.734658358241135,-0.0733921398552058,0.0434619848736526,0.0995136060658747,-0.0284288906195852,-0.24852176776169,1.61080950804314,1.6152148999519,-0.0611236327987068,0.0209911428769378,0.0721099387206511,0.0605375779155517,0.145977352833274,0.105236324223853,0.0317692334472041,0.0395646893480993,-0.0804239838812402,-0.0611096167935471,0.730078410507067,0.195074115340461,-0.961169868623195,-0.0649842299878095,0.0534922049242865,3.33118536877061,-0.275970959690422,4.23794377533042,0.0825755041924207,0.0142563835523412,2.72326500927838,0.00345619346676617,-0.709751561818603,-0.0172309000924139,0.0185935484878778,-0.0530598822636938,-0.0377484085354815,-0.00579921153777038,-0.0254051610367625,-0.202013110380123,0.0770720027837553,0.0678271581591757,0.0717078234129035,0.0911560207713604,0.0022887896744235,-0.019502064492634,0.0375962285817486,-0.660560372857439,0.139867941354948,-1.65511338481197,0.0670833511467087,-0.0427762281187813,-1.09049277100293,0.0832958455565923,0.0447958978856576,-1.91777144784534,-1.5520341971024,0.135195544752111,0.0675251060974045,-0.117105130002353,0.887256071768552,-0.752072786367205,0.0166882100049036,-0.407841155913597,-0.686675347713725,-0.0146748742824194,-0.413209715623984,-0.0414942799964307,-0.0631723260172618,2.62967965717565,0.107837165707688,0.0681367758723906,-0.238790690841015,0.0485062181163256,0.0885034021282425,0.00245160206576325,-0.0508356393264784,3.79764582164255,-0.00730931611729025,-0.0540938452427069,-0.0878436988598327,-0.109079955245475,-0.146208404412278,-0.0227862333488044,-0.033313154577551,0.000478238493448723,-1.10654921055182,-0.0440883619466722,-0.0236869913689265,-0.915190821543571,-1.6602797074847,0.0445630913396538,0.070638712681997,2.00037543364049,-0.252433257196305,-0.108171931150349,0.211647580137955,0.119559416456295,-0.00868978412602588,0.0572660293720198,-0.192239116438175,-0.641254354068435,0.0591471759143239,3.16723899296126,-0.0963564239579999,0.00459831383070199,0.0965683317012469,0.0475777621489277,-0.0155962570238748,0.0284294818341795,-0.0425498200643086,0.0167839538652546,-0.0888112940087715,0.0564584367143841,-0.0210898121921924,-0.00729475728343844,-0.0977832988025149,-0.235290916117296,-0.01430903249496,-0.0029387700239238,-0.378846477635149
"IMSA-044",-0.401488728864792,-2.02052374544595,-0.363694051073608,0.56529955572089,0.00372057718741386,-0.806395126514778,0.00103183652592222,-0.260684898989906,0.00856554646637744,-0.00143746448037714,0.0201701575895501,-0.957501669031069,-0.763251664163516,-0.0043350342948665,-0.247475613575868,-0.00961291315802668,-0.00482750251200043,-0.00445173327741817,-1.84484556785041,0.030425432821796,-0.00551253480086012,-1.98916485913216,-0.032861968644806,0.00801892855878108,-0.232361306718921,-1.75434395788075,0.181739882987367,-0.00915817091151518,0.00799313699887056,0.00756848507666724,-0.909366120221103,-0.331517370115676,-0.433226642834912,-0.21445296419687,-0.00203467790687596,2.32710991078108,0.00155606858210407,-0.00477230047235791,-0.560768826090555,-0.00587702267120662,1.86905026179623,-0.499218597296421,-0.922607178922384,0.00240886749416205,0.00295393614621373,-0.477472007584512,0.00349934318719116,0.00695577288643411,-0.00420549935182045,-0.158529290749874,-0.013329564096269,0.00097405206126719,0.00142868346556201,0.00984965632783675,0.00564138858973984,-0.00704821213010236,0.213319775229135,-0.00995999634775493,-0.00735701439005864,0.215710532129127,-0.524063439969757,-0.000111520926051794,-0.0724674009056992,-0.000616669565732563,0.00386386981603893,0.00870098981664972,-0.00857652315645304,0.01875420196822,1.22943797406096,0.938580483293721,-0.00139511737883941,-0.00477989337788613,-0.0133669453757644,0.00577459537353329,0.00920725776492557,0.0011234490325416,-0.0007001489263991,0.00422559284869635,-0.00237520396538012,-0.00350523561262018,-0.233452983947981,-0.00634027738924059,0.651263906755146,-9.82663023200639e-06,0.00317167963175703,-0.435323235942802,-0.208329503457638,-0.265114680483932,-0.00123394547124527,0.00768418619023442,-0.576158063460744,-0.000598394360725205,-0.67791004750932,0.00182045783505377,-0.000735192181231875,-0.00674319222370758,-0.00665694265444411,0.0077486879575752,0.00075045719866251,-0.232048580775371,-0.00368781902850111,0.00601584247736894,0.00552303454533053,-0.00481615339475228,-0.00813212351049787,-0.000489503293186693,-0.000985434513289885,0.473765337345743,-0.00584451602435169,-1.56306849191533,-0.00405306006724269,-0.00196737517992351,-1.0689329654825,0.00509825628802903,0.000368628871360955,-1.71408225355472,-1.35425709859955,-0.0186179743857627,-0.00613246012420335,-0.00529005636803093,2.52687393019206,2.4030087932707,-0.00649416482658043,-0.127153714858013,0.525758120753226,0.000523769837890091,0.0359791260456825,-0.000725331520628226,-5.23776616723271e-05,0.61863599409107,0.000948437759255605,-3.17302422006096e-05,0.0132663965146839,0.0107631938360874,-0.0233812425289789,-0.000339056760315376,0.00119325775435047,0.149514138196285,0.00581244189296779,-0.00275461786829939,0.00473870666094137,-0.00642688730696723,-0.0118742705331601,0.00251679303125156,-0.00171585698435008,0.00974091217262601,0.487800592608377,-0.00124718632963683,-0.00354872892844998,-0.319461519159509,-1.18016785723021,-0.0118620923479643,-0.0211380205857409,0.314728057833353,0.040508726118619,-0.00454727319414816,1.73598040130726,-0.00215877956780842,0.00516708746758234,0.000327617280891745,-0.203855309151392,-0.435637155627692,0.00471670957511407,-0.171049506628339,0.00721737075059225,0.00860175079446354,-0.0133885660319861,0.00534508962118234,-0.00261865139746807,0.00318183214788404,-0.00599225920055006,0.00742920621397548,-0.00264345367682707,-0.0174146847506578,0.00314606229138037,0.000885084938435491,0.0175418783247332,-0.20440124706979,-5.6829387562455e-06,0.000758409059009673,-0.311787957339375
"IMSA-094",-0.391411617608524,-1.17950615366506,-0.278356799718208,-0.446477448473837,0.0584862171264344,-1.19802625744317,-0.00427605523785468,-0.366687062303637,-0.00258333857081225,0.00184087507794373,-0.0156992321218317,2.56220922765125,0.380180695801099,-0.0455660785880457,-0.398440311516187,0.0451872635053142,0.0083995949248476,-0.00312167605368379,-1.34282178522738,0.175212842185503,0.0161308646149541,-1.25075395627602,-0.419335387048426,-0.0248518935567911,-0.121246595330275,0.206134610805693,0.693732069095154,-0.0359040078723448,0.0167885356289047,-0.0828134165217219,-0.516349903109472,-0.44567372466949,-0.409723123848626,-0.213558218034397,-0.0336377032062355,-0.466366714286722,0.026892613028573,0.0241803637992588,-0.368429709643689,0.0116274545758515,-1.41231132259408,-0.431673278256029,-0.653705814105544,-0.00764660581428068,-0.00582130770420545,-0.421291435484721,-0.00605248055934307,0.0169432093526872,0.0038139614237061,-0.218266117875413,0.0052798202156409,-0.00249747112655057,0.00106525951915985,0.126737475603931,0.00672113627775052,-0.0316969191888135,-0.657237897199773,0.0147900926549342,-0.0548495980233085,-0.611687304169404,0.799047486747935,0.0250811933226996,-0.57213280579948,0.025388851663932,-0.00511414265407273,-0.0509607299391473,0.01181216830417,0.113874297771146,-0.466649264464373,-0.766141365636712,0.0149343754141149,-0.0139242979437978,-0.0389224686596602,-0.00614810769019555,-0.0321155608491735,-0.0295339575411122,-0.0319512225000261,-0.000801654835657193,0.0251521542020639,0.0211887295785279,-0.411673518818014,-0.050199642167122,-0.813774485431662,0.0243546502255872,-0.0180893384616237,-0.135660272410653,-0.201510950276763,-0.26906843807798,-0.0326986954560823,0.00419322562883491,-0.199279630740552,-0.00566892991926849,-0.913498281755075,0.00850033656340795,-0.0196415365358624,0.0125720151230739,0.0153641656123666,0.00160821257459847,0.00824090560472261,-0.242350906433808,0.00217605340025978,-0.00191879659439679,-0.017285858567466,-0.0523613768660343,-0.00136106922696196,0.00561531259542016,-0.022439148815977,-0.526470703746391,-0.0442717986279961,-0.957553079413001,-0.0240529917532753,0.0195302086058775,-0.909577110775804,-0.0269460736434839,-0.0117876989834006,-0.846092151837947,-0.802433849495905,-0.0518424871348052,-0.0381889556383725,0.0256647491475925,-0.543618207475597,-0.394243447875042,-0.0215971246574934,-0.325972229571803,-0.737410039879431,0.0151106688497044,0.14584376860897,0.0170628011444037,0.0250823887844684,-0.945167886133859,-0.0346365187842665,0.00702207134636,0.062987942145984,0.00770032581315669,-0.0534867692291261,0.00428158017577829,0.0109066332094845,-0.866996847319895,0.0117157213440074,0.00386312918237847,0.0178955067809931,0.0301632216336906,0.0355328622755886,0.0222895853597978,0.0144996775137774,0.0269919898557805,-0.50925421507902,0.0123067470969796,0.0233975864267507,-0.851170551847307,-1.48027651542788,-0.0232889679388118,-0.0250547652876831,-0.772091923925268,0.14620258644947,0.00315959138131224,1.03252737545009,-0.0469097559746229,0.00988179841466258,-0.0145883784006774,-0.234694519550636,-0.397849880699978,-0.010415123332079,-0.30159245211797,0.00512993840959,0.00293582866671262,-0.0481610012525438,-0.0178747528092902,-0.00310377953398214,-0.00114171099352943,0.00805573478945325,0.00771272473258052,0.0370919318491496,-0.0305491927263565,0.00792037610553873,0.00493556844397155,0.040589560080212,-0.230434369968417,-0.00194762096042713,0.00233423665388476,-0.375701045935956
"IMSA-013B",-0.348463488376476,-1.50747555063954,-0.418677448305214,-0.894472918547588,-0.030651257444824,-1.19844420276437,0.0180914000797269,-0.0773408807762799,0.00124249959830781,0.0100477790167478,0.0617092622370582,0.0620589064065482,0.024890582083976,0.167811525026004,-0.117396518658619,-0.0901461935772899,0.00280999699565341,0.0253420280430702,-1.6049786935278,0.0196113440979398,-0.0677090172471899,-1.56858645243513,0.00298651607929029,0.0762728679708329,-0.196423780770303,-0.924049559805094,-0.86035805121672,0.0146547173221318,-0.00601917541590811,0.015461997189048,-0.0785090809458262,-0.441945820203544,-0.529360112622087,-0.214206148023223,0.0280500474855874,-0.0252590895447276,-0.046801429192568,-0.0808385568458383,-0.703901202701989,-0.05233173165846,-0.324094628867759,-0.457336641214283,-0.956356978677301,-0.00353751809445918,0.0394404867907538,-0.350490844919233,-0.00659765881149574,0.0203885655988834,-0.00236895809913322,-0.209623707055374,-0.18863231603213,-0.0128538893573315,0.0119157852714946,0.0351453920687348,0.0374752871867283,0.0159114942024202,-0.690194739133539,-0.0342852631340533,0.0823172017520309,-0.627966038301706,-0.00766638965605895,0.0735909452947202,-0.55256228753641,0.00316150351074659,0.0109015092410058,-0.0956151578086656,0.0244067534964454,0.0364527977197169,-0.563850116762617,-0.290766674627879,-0.0291764914882958,-0.0528486665649545,0.0146901049101828,0.0815921602800817,0.0858810800460298,0.00475720606448197,-0.0764445824910545,0.0652305156796779,-0.0338130427606924,-0.0160360290269666,-1.41198127273827,0.0148316631878036,-0.122802436296587,-0.0167621765063833,-0.000219083314226195,-0.297838311545712,-0.209297504779704,-0.336199918207678,-0.00168845359166813,0.0478059938633056,-0.0802503942708102,-0.0214922545525983,-0.417213229630476,0.00785439307334925,-0.0524586035919796,0.0206326843798514,0.0686125011380865,-0.0360453353333854,0.0260535865995139,-0.253063755603391,0.0274174013056951,0.0716597621391329,0.0345642275337008,-0.00862247712674157,0.0194782353187044,-0.00474023799325457,0.0185821480310133,-0.820590452659861,0.00296821946953827,-1.58242078171182,0.0189597380492027,0.0038367583905059,-0.923173174148423,-0.0329902473508386,0.00816561048605273,-1.84342671726649,-1.39243451657072,0.0744991458722018,-0.0269607295432499,-0.0515672801646319,-0.824291679744192,-0.696557479001589,-0.0472060233456081,-0.393543760462516,-0.73477535855148,0.0693137501352896,-0.172064676867899,0.0148743870464799,0.0185018947060451,-0.61219329213066,0.0350741080188449,0.112564218143292,-0.135343382323568,0.066053670212611,-0.0787614293778281,0.0470987959340962,-0.016784557062719,-0.528604359501482,0.0192479811587623,-0.0680404225395757,-0.0638687173685704,0.0405589445536042,-0.0172603883178764,0.0295368478403096,0.017796796143131,0.0630813068898479,-0.956738088279744,0.00910123762928504,0.0596381497330645,-0.999625813620408,-1.33188856290262,0.00786594367693603,0.00900052096613482,-0.647605221717149,0.0237306123118838,-0.111824706761364,-0.794287171360478,-0.0351776223913908,0.0108644325758011,0.0128463005760806,-0.233798948630054,-0.40790778113161,0.0410639315340721,-0.0942743011596793,-0.0392720474040253,0.0257465072878565,0.00266676352491672,-0.0469157603600234,-0.040968696131829,0.00973069097836909,-0.0440157299556457,0.0172900721851995,0.0576897979318054,-0.0325315333692644,-0.00651601174681245,-0.0178582248471565,-0.00369855032669334,-0.230314945407428,-0.0347178931565394,-0.00550103283842824,-0.386312306813979
